step,tokens_seen,lr,train_loss,train_ppl,val_loss,val_ppl
0,0,0.0,7.657468467950821,2116.3929247191013,7.6624935567379,2127.054752955318
250,1024000,0.000299999518286723,5.995497047901154,401.61625690572515,6.008880108594894,407.0272386344233
500,2048000,0.000299674492524092,4.371149569749832,79.1345501160013,4.404753923416138,81.83900170317196
750,3072000,0.000298748999910544,3.881425365805626,48.49328650600852,3.920897364616394,50.44569265274433
1000,4096000,0.00029722716689663996,3.611055091023445,37.00507594817838,3.65781269967556,38.77643433754577
1250,5120000,0.00029511577880794786,3.426726594567299,30.775736223644575,3.47725573182106,32.37076600895304
1500,6144000,0.0002924242495916296,3.2943734526634216,26.960516737008778,3.342144265770912,28.279700933300393
1750,7168000,0.00028916457984291583,3.1857537925243378,24.18551239486937,3.2347376346588135,25.39970690180288
2000,8192000,0.0002853513032986141,3.099719136953354,22.191717572665624,3.148663640022278,23.304900026368884
2250,9216000,0.00028100142203621746,3.024334564805031,20.58030529419846,3.0733968019485474,21.6152006708943
2500,10240000,0.00027613433066753804,2.9660830199718475,19.41571947087379,3.016445741057396,20.41858960502203
2750,11264000,0.00027077172986485974,2.907229572534561,18.306012769757,2.960195019841194,19.3017356098911
3000,12288000,0.0002649375296051676,2.86393341422081,17.53034561239971,2.9121216237545013,18.39578613076047
3250,13312000,0.0002586577425638531,2.8263171911239624,16.883168706396727,2.8729725182056427,17.68952255394371
3500,14336000,0.00025196036813321734,2.7871323823928833,16.23439894009277,2.8336049169301987,17.006658042327015
3750,15360000,0.000244875267582892,2.7483462542295456,15.61678432640642,2.8039980679750443,16.510525192163204
4000,16384000,0.00023743403091879545,2.720752626657486,15.191751660646627,2.7738966792821884,16.020941004660372
4250,17408000,0.00022966983603425308,2.696564868092537,14.828705574604946,2.7504501938819885,15.649675686780082
4500,18432000,0.00022161730078127864,2.676063910126686,14.527797891759693,2.7289569079875946,15.31690174643454
4750,19456000,0.00021331232862157912,2.654581442475319,14.219033330243581,2.711292549967766,15.048714164464325
5000,20480000,0.00020479194854547205,2.6362264454364777,13.960423665936123,2.691907748579979,14.759807079317747
5250,21504000,0.00019609414997246087,2.6210385859012604,13.749996724594741,2.6736057847738266,14.49213059873897
5500,22528000,0.00018725771336958993,2.600732758641243,13.473607320850917,2.657600551843643,14.262027015641259
5750,23552000,0.00017832203734279275,2.58596995472908,13.276160121093667,2.6426763832569122,14.050758544529831
6000,24576000,0.00016932696297217346,2.574131742119789,13.119920737121891,2.631661206483841,13.89683625232739
6250,25600000,0.00016031259617444897,2.564128130674362,12.989328434254311,2.620762586593628,13.746202258677874
6500,26624000,0.0001513191288845776,2.5494325160980225,12.799838019232293,2.6037807017564774,13.514736757773038
6750,27648000,0.00014238665985386059,2.538716033101082,12.6634011402153,2.5952340066432953,13.399722618669108
7000,28672000,0.0001335550158635189,2.5252637565135956,12.494190253111595,2.586399182677269,13.281859843214777
7250,29696000,0.00012486357415088904,2.515494018793106,12.372719625568276,2.575721114873886,13.140789761613737
7500,30720000,0.0001163510868399798,2.5049788057804108,12.243299475873606,2.5664301067590714,13.019263999925245
7750,31744000,0.00010805550815919217,2.4980815649032593,12.159145040578448,2.558835819363594,12.92076645017114
8000,32768000,0.00010001382521657935,2.489201843738556,12.051653178204841,2.550022155046463,12.807387527785576
8250,33792000,9.226189308716033e-05,2.480971798300743,11.95287455876299,2.539433479309082,12.672489709233576
8500,34816000,8.483427494757729e-05,2.475672483444214,11.889700051680165,2.533777207136154,12.601012994770285
8750,35840000,7.77640879708782e-05,2.469972461462021,11.82212128322759,2.528907760977745,12.539802192753182
9000,36864000,7.108285566852933e-05,2.4612178802490234,11.719075282776217,2.5210994482040405,12.442268776370764
9250,37888000,6.482036733801118e-05,2.457666829228401,11.67753404970439,2.5182081162929535,12.406346004964568
9500,38912000,5.900454524267335e-05,2.453019991517067,11.623396326131328,2.5147412568330765,12.363409417516904
9750,39936000,5.366132011604699e-05,2.447790488600731,11.562770401037046,2.5091508477926254,12.294485737025692
10000,40960000,4.8814515545697804e-05,2.4418104588985443,11.493831025798622,2.5045384019613266,12.237908667179738
10250,41984000,4.448574175211247e-05,2.4369888454675674,11.438545605320256,2.4992530196905136,12.17339727553972
10500,43008000,4.069429923622058e-05,2.433575063943863,11.399563485752346,2.496736094355583,12.142796269902481
10750,44032000,3.745709272515564e-05,2.4325342774391174,11.387705145986834,2.4931629598140717,12.099485848181603
11000,45056000,3.478855579993978e-05,2.4286742210388184,11.343832691402985,2.490092307329178,12.062389516016367
11250,46080000,3.27005865411524e-05,2.4253134578466415,11.305772747088536,2.4864785373210907,12.018877483150373
11500,47104000,3.120249447951556e-05,2.4226280748844147,11.275453145669497,2.4858992844820023,12.011917530226457
11750,48128000,3.0300959087925582e-05,2.4216722697019577,11.264681157899258,2.4839180260896683,11.98814237794888
12000,49152000,3e-05,2.4209767282009125,11.256848828828614,2.481036201119423,11.953644382365038
