step,response_tokens,lr,train_loss,val_loss,train_ppl,val_ppl
0,0,0.0,2.510013101334445,2.46533713005837,12.305091272570502,11.767448643979172
125,344712,0.00029992771930930934,2.3623388628091364,2.3444690916330884,10.615751225227239,10.427735085883807
250,687495,0.0002974060128544361,2.333878699727135,2.333528183613987,10.317883994394586,10.314268043562498
375,1036365,0.00029134730011223895,2.285557658292757,2.3085817229021224,9.831167127515823,10.060146456865198
500,1380577,0.00028191342951089924,2.269849658186262,2.299114131755566,9.677945704783184,9.965350555840807
625,1726177,0.0002693564112039694,2.2455098972996783,2.276395707301034,9.445230426300679,9.741505819546848
750,2071262,0.00025401168503850927,2.22258537033652,2.266797517053348,9.23116602406043,9.648452280557777
875,2417830,0.00023628915983779964,2.1980637701274865,2.2573232546472473,9.00755590510852,9.557471978013218
1000,2763121,0.00021666226336928708,2.1653752965958155,2.239598251153392,8.717873091076404,9.389558285382604
1125,3106746,0.00019565529550964034,2.155607497099606,2.2302269930896514,8.633133189623834,9.301977324428254
1250,3452354,0.0001738294224460693,2.1308500922596925,2.2108058401436606,8.42202326597521,9.123065163817614
1375,3798884,0.0001517676860555093,2.1202677330772284,2.2091818493801796,8.333368307382868,9.108261414086904
1500,4143457,0.00013005942891115965,2.09815113035688,2.1964522673407196,8.151085677604694,8.993051893431936
1625,4487948,0.0001092845509764067,2.080541905401318,2.187964861918722,8.008807754750052,8.917047213553234
1750,4834069,8.999801854235373e-05,2.061534166814876,2.17492390034376,7.858016074958944,8.801515304412424
1875,5178531,7.271503922691235e-05,2.0453644188863054,2.167161701969088,7.731975702539165,8.733460665127517
2000,5524192,5.789729906068326e-05,2.0380236993851946,2.1657901610021497,7.675425252154724,8.721490576651949
2125,5869011,4.594062931297208e-05,2.028112736545962,2.159378776943295,7.599730123119737,8.66575262065016
2250,6213694,3.7164432518160744e-05,2.0212295218347553,2.1560015220463775,7.547599169034445,8.636535529728766
2375,6558467,3.180315016854133e-05,2.016142736307288,2.153121142073077,7.509303633976971,8.611694818268571
2500,6904708,2.9999999999999997e-05,2.0112313076073,2.1524777141991556,7.472512646703922,8.606155596016894
